Provinsi;IPM18;IPM19;IPM20;IPM21;IPM22;IKES18;IKES19;IKES20;IKES21;IKES22;IPEN18;IPEN19;IPEN20;IPEN21;IPEN22;IPEG18;IPEG19;IPEG20;IPEG21;IPEG22;PAD18;PAD19;PAD20;PAD21;PAD22;PD18;PD19;PD20;PD21;PD22;RD18;RD19;RD20;RD21;RD22;HPKD18;HPKD19;HPKD20;HPKD21;HPKD22;LPS2018;LPS2019;LPS2020;LPS2021;LPS2022;BD18;BD19;BD20;BD21;BD22;BP18;BP19;BP20;BP21;BP22;BBJ18;BBJ19;BBJ20;BBJ21;BBJ22;BM18;BM19;BM20;BM21;BM22;BL18;BL19;BL20;BL21;BL22;IPM;KES;PEN;PEG;PAD;PD;RD;HPKD;LPS;BD;BP;BBJ;BM;BL
Aceh;71,19;71,90;73,29;73,48;74,11;69,64;69,87;69,93;69,96;70,18;11,68;11,74;11,82;11,87;11,91;9186;9603;9492;9572;9963;2359,39;2698,91;2570,78;2505,89;2917,15;1309,08;1409,25;1477,99;1529,61;1717,83;20,76;17,09;8,16;8,31;15,00;181,65;182,39;181,70;152,43;179,86;847,89;1090,19;902,92;815,54;1004,45;12306,31;15787,88;13242,21;13683,58;15773,08;2274,44;2461,32;2483,28;2631,23;2672,64;3396,75;4514,52;3702,40;5125,96;5961,65;2503,94;3162,09;1755,47;2199,33;2868,71;4131,18;5649,96;5301,05;3727,07;4270,08;72,79;69,92;11,80;9563,20;2610,42;1488,75;13,86;175,61;932,20;14158,61;2504,58;4540,26;2497,91;4615,87
Sumatera Utara;71,18;71,74;73,62;73,84;74,51;68,61;68,95;69,10;69,23;69,61;11,24;11,30;11,39;11,43;11,51;10391;10649;1042;10499;10848;5638,96;5761,27;5531,24;6402,71;7258,02;5219,32;5058,44;5071,60;5730,57;6646,50;36,61;38,41;30,22;27,13;28,95;192,00;436,28;242,31;384,48;302,40;191,03;228,13;187,11;260,53;280,16;12563,39;13440,32;12653,61;13225,39;12509,06;3584,40;3442,66;3257,13;3372,53;3392,78;2098,06;2477,24;1963,12;2828,79;2964,63;1564,90;1249,60;1497,94;1141,20;1776,12;5316,03;6270,82;5935,42;5882,87;4375,54;72,98;69,10;11,37;8685,80;6118,44;5545,29;32,26;311,49;229,39;12878,35;3409,90;2466,37;1445,95;5556,14
Sumatera Barat;71,73;72,39;74,29;74,56;75,16;69,01;69,31;69,47;69,59;69,90;11,36;11,47;11,51;11,58;11,64;10638;10925;10733;10790;11130;2275,09;2328,43;2255,07;2551,90;2851,97;1797,68;1872,93;1809,81;2060,85;2274,50;19,51;19,48;7,93;9,10;12,55;81,37;94,94;94,75;81,27;100,65;376,53;341,08;342,59;400,68;464,26;6267,38;6551,28;6408,29;6468,91;6304,43;2052,59;2135,47;2053,06;2093,84;2078,50;1489,06;1502,29;1239,47;1703,25;1999,50;1099,70;1062,23;736,89;666,35;941,07;1626,02;1851,29;2378,87;2005,46;1285,36;73,63;69,46;11,51;10843,20;2452,49;1963,15;13,71;90,60;385,03;6400,06;2082,69;1586,71;901,25;1829,40
Riau;72,44;73,00;73,67;73,89;74,45;71,19;71,48;71,60;71,67;71,95;11,02;11,09;11,17;11,24;11,26;10968;11255;10675;10736;11158;3639,00;3558,21;3333,18;4050,47;4696,77;3075,99;2989,75;2783,42;3327,50;4054,92;10,70;15,74;12,48;13,79;16,68;132,23;118,53;88,44;117,42;101,61;420,08;434,19;448,83;591,76;523,56;8469,56;8690,39;8172,71;8931,70;9102,47;2235,48;2290,74;2153,07;2213,18;2318,63;1812,68;2236,08;2120,14;2448,19;2826,88;1046,85;1161,04;919,25;1018,46;1508,53;3374,54;3002,53;2980,25;3251,88;2448,42;73,49;71,58;11,16;10958,40;3855,53;3246,32;13,88;111,65;483,68;8673,37;2242,22;2288,79;1130,83;3011,52
Jambi;70,65;71,26;72,29;72,62;73,11;70,89;71,06;71,16;71,22;71,50;10,57;10,69;10,77;10,82;10,87;10357;10592;10392;10588;10871;1656,57;1651,09;1535,18;1843,43;2163,59;1374,29;1345,11;1292,73;1558,11;1871,84;20,21;19,11;18,59;12,62;16,87;30,51;31,06;27,92;28,03;30,61;231,56;255,81;195,94;244,68;244,27;4198,26;4824,37;4430,39;4388,30;4755,42;1303,79;1382,61;1391,32;1500,17;1509,87;941,77;1024,03;743,29;770,67;1197,08;784,72;866,50;642,70;449,69;906,80;1167,97;1551,22;1653,09;1667,77;1141,67;71,99;71,17;10,74;10560,00;1769,97;1488,42;17,48;29,63;234,45;4519,35;1417,55;935,37;730,08;1436,34
Sumatera Selatan;69,39;70,02;71,62;71,83;72,48;69,41;69,65;69,88;69,98;70,32;10,18;10,29;10,35;10,42;10,46;10652;10937;10652;10662;11109;3528,01;3494,51;3375,10;3865,46;3865,46;3197,90;3145,56;3081,80;3523,79;3523,79;11,92;12,04;8,23;9,31;9,31;82,86;90,30;82,84;65,71;65,71;235,34;246,61;202,23;266,65;266,65;7941,14;9618,07;9517,76;10060,73;10060,73;1657,58;1757,17;1771,52;1923,29;1923,29;1375,07;1405,12;1392,76;1811,89;1811,89;1537,28;1606,22;1664,70;1836,83;1836,83;3371,22;4849,57;4688,78;4488,72;4488,72;71,07;69,85;10,34;10802,40;3625,71;3294,57;10,16;77,48;243,50;9439,69;1806,57;1559,35;1696,37;4377,40
Bengkulu;70,64;71,21;72,93;73,16;73,68;68,84;69,21;69,35;69,42;69,69;11,10;11,16;11,23;11,27;11,30;10162;10409;10380;10487;10840;872,26;826,67;712,35;984,42;1088,42;679,44;622,48;561,78;778,55;895,74;4,10;4,66;3,01;3,73;3,97;17,38;13,98;14,67;17,13;11,67;171,34;185,55;132,88;185,01;177,03;2979,58;3118,30;2698,46;2880,23;3016,50;1072,55;1060,36;1066,82;1097,40;1177,68;684,55;775,34;559,00;685,84;871,22;618,48;741,82;417,10;324,34;417,02;604,00;540,79;655,54;772,64;550,58;72,32;69,30;11,21;10455,60;896,82;707,60;3,89;14,97;170,36;2938,61;1094,96;715,19;503,75;624,71
Lampung;69,02;69,57;71,04;71,25;71,79;70,18;70,51;70,65;70,73;70,99;10,22;10,28;10,35;10,41;10,46;9858;10114;9982;10038;10336;2864,24;3018,07;2842,29;3249,67;3678,30;2577,74;2627,89;2386,35;2721,14;3126,14;7,84;11,07;17,08;14,66;6,60;27,77;27,84;29,87;33,34;45,57;250,88;351,27;408,99;480,53;499,99;7538,99;7058,71;6967,36;7097,65;6786,37;1815,01;1927,67;1971,31;1934,76;1970,94;1309,83;1277,19;1423,34;1506,51;1816,42;1729,33;1014,04;752,53;849,69;1025,33;2684,83;2839,81;2820,18;2806,69;1973,68;70,53;70,61;10,34;10065,60;3130,51;2687,85;11,45;32,88;398,33;7089,82;1923,94;1466,66;1074,18;2625,04
Kepulauan Bangka Belitung;70,67;71,30;72,74;72,96;73,50;70,18;70,50;70,64;70,73;70,98;9,86;9,96;10,06;10,13;10,15;12666;12959;12794;12819;13358;850,44;826,70;683,43;895,76;1090,48;787,24;761,00;613,62;813,81;981,65;7,61;8,73;6,51;5,95;6,60;5,11;5,44;5,47;5,71;6,24;50,48;51,53;57,83;70,29;95,99;2364,35;2776,08;2575,17;2465,81;2416,30;659,76;834,69;943,70;798,50;861,17;688,77;701,92;478,54;591,60;630,72;315,40;441,20;436,50;428,65;354,01;700,42;798,27;716,43;647,06;570,40;72,23;70,61;10,03;12919,20;869,36;791,46;7,08;5,59;65,22;2519,54;819,56;618,31;395,15;686,52
Kepulauan Riau;74,84;75,48;77,69;77,87;78,48;69,64;69,80;69,96;70,12;70,50;11,32;11,41;11,50;11,58;11,68;13976;14466;14209;14122;14469;1220,77;1311,70;1195,64;1375,77;1675,73;1099,14;1185,27;1033,43;1191,20;1492,76;13,54;7,16;5,73;12,27;6,86;3,10;2,84;2,06;3,04;2,49;104,99;116,43;154,41;169,26;173,62;3419,79;3653,94;3855,20;3703,82;3842,59;900,88;998,15;1004,93;932,14;1016,17;1077,43;1142,43;1082,66;1328,36;1360,83;620,06;633,11;586,61;338,33;552,16;821,42;880,25;1181,00;1104,99;913,43;76,87;70,00;11,50;14248,40;1355,92;1200,36;9,11;2,71;143,74;3695,07;970,45;1198,34;546,05;980,22
DKI Jakarta;80,47;80,76;81,92;82,25;82,77;72,67;72,79;72,91;73,01;73,32;12,00;12,02;12,06;12,12;12,20;18128;18527;18227;18520;18927;43327,14;45707,40;37414,75;41606,31;45608,40;37538,91;40298,12;31895,26;34575,56;40275,15;578,56;587,38;496,33;383,86;376,98;592,96;619,46;672,49;398,79;402,42;4616,71;4202,44;4350,67;6248,09;4553,85;61410,12;64938,36;52088,13;61619,04;64865,12;21852,42;22016,85;16686,87;18816,24;17705,44;16919,78;20807,66;16775,62;21488,66;23613,05;14118,61;11551,93;3173,22;6865,83;8808,19;8519,32;10561,93;15452,42;14448,31;14738,44;81,63;72,94;12,08;18465,80;42732,80;36916,60;484,62;537,22;4794,35;60984,15;19415,56;19920,95;8903,56;12744,08
Jawa Barat;71,30;72,03;72,61;72,96;73,63;72,66;72,85;73,04;73,23;73,52;10,30;10,43;10,53;10,61;10,70;1079;11152;10845;10934;11277;19642,92;21244,27;18521,88;20333,68;23249,62;18153,62;19626,35;17035,96;18847,18;21542,60;49,18;56,22;40,22;43,26;44,84;348,54;386,44;401,70;414,78;468,99;1091,58;1175,25;1044,00;1028,45;1193,19;33333,82;35833,09;38127,53;37470,91;32644,21;5783,33;5888,75;6097,57;6179,74;6671,26;4300,58;4919,08;4796,37;6688,76;6885,79;3145,85;2530,35;1672,91;2045,43;2381,57;20104,07;22494,90;25560,68;22556,98;16705,59;72,51;73,06;10,51;9057,40;20598,47;19041,14;46,74;404,09;1106,49;35481,91;6124,13;5518,12;2355,22;21484,44
Jawa Tengah;71,12;71,73;71,88;72,17;72,80;74,18;74,23;74,37;74,47;74,57;9,99;10,11;10,20;10,26;10,37;10777;11102;10930;11;11377;13711,84;14437,91;13668,28;14695,47;16264,62;11507,12;11951,92;11139,17;11718,38;13484,85;104,87;114,86;93,28;91,63;115,16;459,63;512,70;530,09;508,26;546,72;1640,22;1858,43;1905,74;2377,20;2117,89;24478,63;26151,06;25651,74;25843,80;23950,24;6468,26;6591,90;6483,76;5685,93;5902,90;4042,71;4562,50;4104,64;5345,40;5377,37;1681,75;2099,72;996,99;1447,62;1713,64;12285,91;12896,94;14066,35;13364,86;10956,33;71,94;74,36;10,19;8839,40;14555,62;11960,29;103,96;511,48;1979,90;25215,09;6226,55;4686,52;1587,94;12714,08
DI Yogyakarta;79,53;79,99;79,95;80,22;80,65;74,82;74,92;74,99;75,04;75,08;12,44;12,48;12,57;12,64;12,70;13946;14394;14015;14111;14482;2040,72;2082,80;1876,71;1900,92;2263,43;1717,29;1773,94;1646,56;1688,44;1951,27;43,63;42,42;36,55;38,51;38,25;85,10;85,96;101,46;96,34;108,24;194,71;180,47;92,14;77,63;165,67;194,71;5544,65;5433,18;5530,17;5449,94;1512,79;1553,76;1562,24;1561,54;1604,66;1290,91;1219,15;782,82;1039,42;1265,18;1132,83;1035,20;940,63;654,84;704,88;1359,87;1736,53;2147,49;2274,38;1875,21;80,07;74,97;12,57;14189,60;2032,92;1755,50;39,87;95,42;142,12;4430,53;1559,00;1119,50;893,68;1878,70
Jawa Timur;70,77;71,50;73,04;73,48;74,05;70,97;71,18;71,30;71,38;71,74;10,25;10,38;10,49;10,62;10,70;1138;11739;11601;11707;11992;18531,06;19327,13;17951,00;18935,89;21256,65;15060,71;15522,20;14412,67;15400,86;17573,32;89,88;146,82;84,10;110,95;119,97;384,29;402,30;417,76;408,64;441,44;2996,18;3255,81;3036,46;3015,43;3121,91;30662,09;33967,11;32286,76;33852,94;31502,99;6649,69;7988,53;7605,95;6988,56;7374,40;5558,73;6459,62;5910,18;7300,02;7969,60;2840,55;2770,97;1904,56;1969,92;2505,99;15613,12;16747,98;16866,06;17594,43;13652,99;72,57;71,31;10,49;9635,40;19200,35;15593,95;110,34;410,89;3085,16;32454,38;7321,43;6639,63;2398,40;16094,92
Banten;71,95;72,44;74,41;74,68;75,25;69,64;69,84;69,96;70,02;70,39;10,74;10,81;10,89;10,98;11,09;11994;12267;11964;12033;12216;6329,14;7022,31;5906,54;7010,37;8203,14;6032,62;6720,75;5659,65;6670,93;7777,07;13,55;20,85;8,73;10,97;18,38;51,64;53,93;54,59;56,90;56,73;231,33;226,77;183,57;271,57;350,95;9992,82;11324,59;9879,31;11660,63;11278,68;1743,42;2161,10;1909,62;2046,65;2209,79;2136,81;2635,25;2177,28;2789,46;3601,30;1362,55;1379,32;994,26;1297,23;1660,22;4750,04;5148,92;4798,16;5527,29;3807,38;73,75;69,97;10,90;12094,80;6894,30;6572,20;14,50;54,76;252,84;10827,21;2014,12;2668,02;1338,72;4806,36
Bali;74,77;75,38;76,52;76,69;77,40;71,68;71,99;72,13;72,24;72,60;10,94;11,06;11,14;11,23;11,44;13886;14146;13929;1382;13942;3718,50;4023,16;3069,47;3117,07;3863,19;3230,73;3464,00;2607,99;2458,53;3230,84;40,24;33,84;18,97;14,30;14,35;170,22;171,08;177,40;160,71;220,32;277,31;354,24;265,12;483,53;397,68;5998,55;6518,31;6358,12;6270,67;6749,44;1590,44;1590,61;1597,69;1653,00;1740,90;999,37;1195,89;1553,63;1580,08;1690,05;440,71;556,75;458,45;839,01;1452,06;2968,03;3175,05;2748,36;2198,58;1866,43;76,15;72,13;11,16;11457,00;3558,28;2998,42;24,34;179,95;355,58;6379,02;1634,53;1403,80;749,40;2591,29
Nusa Tenggara Barat;67,30;68,14;70,46;70,86;71,65;65,87;66,28;66,51;66,69;67,07;10,25;10,38;10,51;10,64;10,79;10284;10640;10351;10377;10681;1660,42;1807,48;1815,69;1888,46;2292,07;1269,69;1404,96;1328,31;1418,22;1706,13;21,27;21,48;16,47;10,45;14,46;60,08;54,17;61,12;46,26;50,62;309,38;326,86;409,79;413,52;520,86;5239,53;5148,16;5199,50;5545,14;5873,55;1340,75;1388,74;1394,58;1507,54;1644,61;968,95;1018,30;1080,98;1388,50;1749,45;891,89;669,71;608,30;771,28;1313,67;2037,95;2071,41;2115,65;1877,82;1165,82;69,68;66,48;10,51;10466,60;1892,82;1425,46;16,83;54,45;396,08;5401,18;1455,24;1241,24;850,97;1853,73
Nusa Tenggara Timur;64,39;65,23;66,93;67,02;67,63;66,38;66,85;67,01;67,15;67,47;10,20;10,35;10,41;10,45;10,46;7566;7769;7598;7554;7877;1095,27;1258,96;1166,57;1238,03;1363,74;866,16;908,21;924,19;925,86;1095,50;27,57;60,83;34,96;69,89;61,61;72,42;70,66;65,14;64,98;37,18;129,13;219,26;142,29;177,30;169,45;4846,84;5277,06;5755,26;5508,77;4816,65;1299,77;1442,97;1444,65;1608,46;1421,87;1084,64;1194,83;1221,57;1078,29;1208,11;529,76;798,22;1026,79;903,26;1216,80;1932,66;1841,04;2062,25;1918,76;969,87;66,24;66,97;10,37;7672,80;1224,51;943,98;50,97;62,08;167,49;5240,92;1443,54;1157,49;894,97;1744,92
Kalimantan Barat;66,98;67,65;68,76;68,99;69,71;70,18;70,56;70,69;70,76;71,02;9,84;9,95;9,99;10,05;10,13;8860;9055;8930;8974;9355;2194,87;2301,31;2154,15;2507,32;3217,81;1919,26;1959,34;1808,97;2121,97;2671,66;40,48;45,88;37,14;32,04;14,33;79,73;92,44;92,25;95,73;101,12;155,40;203,64;215,79;257,58;430,70;5341,40;5677,40;5879,36;6303,15;5726,86;1303,88;1368,12;1400,41;1414,46;1510,99;881,21;941,37;1440,99;1608,23;1785,37;676,49;871,61;759,26;927,11;1003,97;2479,84;2496,30;2278,70;2353,35;1426,54;68,42;70,64;9,99;9034,80;2475,09;2096,24;33,97;92,25;252,62;5785,63;1399,57;1331,43;847,69;2206,95
Kalimantan Tengah;70,42;70,91;72,62;72,81;73,17;69,64;69,69;69,74;69,79;70,04;10,46;10,54;10,63;10,69;10,70;10931;11236;11154;11182;11458;1616,52;1776,23;1570,14;1851,58;2523,60;1354,70;1438,98;1243,22;1415,41;2095,65;12,55;41,57;14,37;24,01;23,72;64,10;78,92;79,37;95,73;90,41;185,18;216,76;233,17;316,43;313,82;4547,70;5064,14;5031,02;4584,75;5147,57;1360,67;1441,01;1519,64;1191,99;1168,90;686,53;808,07;604,28;1009,51;1226,33;1060,39;1293,57;1108,30;872,47;1091,79;1440,11;1521,49;1798,80;1510,79;1660,55;71,99;69,78;10,60;11192,20;1867,61;1509,59;23,24;81,71;253,07;4875,04;1336,44;866,94;1085,30;1586,35
Kalimantan Selatan;70,17;70,72;73,09;73,45;74,00;68,23;68,49;68,66;68,83;69,13;10,25;10,36;10,49;10,58;10,64;12062;12253;12032;12143;12469;3557,32;3498,84;2940,40;3564,91;4558,04;2816,26;2765,97;2214,72;2631,76;3821,21;27,82;39,97;22,08;38,36;25,49;52,25;23,82;34,86;42,46;44,07;660,98;669,08;668,74;852,33;667,28;6082,59;7005,77;6630,73;6434,68;7341,78;1700,90;1763,28;1934,78;1657,81;1796,60;1377,27;1595,11;1421,08;1821,80;2029,12;1117,20;1495,68;778,10;956,16;1070,31;1887,22;2151,70;2496,76;1998,91;2445,75;72,29;68,67;10,46;12191,80;3623,90;2849,98;30,74;39,49;703,68;6699,11;1770,67;1648,88;1083,49;2196,07
Kalimantan Timur;75,83;76,61;75,94;76,60;77,36;73,96;74,22;74,33;74,61;74,62;11,58;11,70;11,75;11,83;11,88;11917;12359;11728;12116;12641;5800,27;6555,85;5289,23;6111,92;8997,26;4716,69;4984,52;3900,43;4774,89;7623,60;18,96;26,49;9,75;13,59;19,98;199,30;392,38;110,99;214,60;310,26;865,32;1152,46;1268,06;1108,84;1043,42;9345,06;11387,62;9328,50;10723,53;12393,75;1509,10;1697,11;1668,09;2105,59;2334,59;1874,30;2767,69;2779,85;2634,94;3230,89;1829,26;1207,82;1066,61;1514,47;1980,01;4132,40;5715,00;3813,96;4468,53;4848,26;76,47;74,35;11,75;12152,20;6550,91;5200,03;17,75;245,51;1087,62;10635,69;1862,90;2657,53;1519,63;4595,63
Kalimantan Utara;70,56;71,15;71,00;71,57;72,21;72,50;72,54;72,59;72,65;72,67;10,85;10,89;10,97;11,03;11,17;8943;9343;8756;9075;9350;574,09;655,85;557,65;677,80;815,66;388,39;417,54;348,95;392,69;596,78;1,64;5,91;4,86;6,21;7,05;11,27;11,43;7,46;8,21;9,09;172,79;220,98;196,38;270,70;202,74;2352,88;2416,48;2680,32;2372,65;2553,58;500,66;581,81;567,09;638,56;714,86;733,09;734,79;738,46;787,16;837,01;637,66;567,37;665,17;390,90;496,62;481,47;532,51;709,60;556,03;505,09;71,30;72,59;10,98;9093,40;656,21;428,87;5,13;9,49;212,72;2475,18;600,60;766,10;551,54;556,94
Sulawesi Utara;72,20;72,99;73,67;74,03;74,52;71,26;71,58;71,69;71,76;72,08;10,96;11,08;11,17;11,28;11,32;10731;11115;10791;10882;11179;1253,80;1286,07;1125,32;1310,53;1464,72;1052,30;1050,10;930,42;1075,92;1214,29;85,58;102,67;114,78;113,65;167,32;52,88;64,89;42,26;51,20;44,27;63,05;68,42;37,86;69,76;38,83;3656,10;4156,49;4501,91;4352,91;3858,76;1194,92;1245,26;1190,37;1210,42;1206,46;803,99;1064,67;896,79;1005,88;986,82;721,40;898,37;1090,98;1031,25;818,97;935,79;948,20;1323,76;1105,35;846,51;73,48;71,67;11,16;10939,60;1288,09;1064,61;116,80;51,10;55,58;4105,23;1209,49;951,63;912,19;1031,92
Sulawesi Tengah;68,88;69,50;70,31;70,54;71,01;67,78;68,23;68,69;68,83;68,93;10,83;10,95;11,00;11,06;11,11;9488;9604;9335;9378;9696;1016,63;1090,85;1122,67;1494,25;1559,71;835,46;896,32;914,78;1074,42;1294,03;11,23;12,67;14,69;19,11;13,28;16,91;18,38;21,91;32,56;36,39;153,04;163,49;171,29;368,15;216,01;3628,01;4098,77;4281,06;4339,51;4825,33;1318,93;1315,44;1348,50;1394,67;1358,03;954,84;1046,33;907,42;1394,67;1581,88;459,78;836,62;665,44;500,90;617,28;894,46;900,38;1359,70;1134,27;1268,15;70,05;68,49;10,99;9500,20;1256,82;1003,00;14,20;25,23;214,40;4234,54;1347,11;1177,03;616,00;1111,39
Sulawesi Selatan;70,90;71,66;73,08;73,38;73,96;70,08;70,43;70,57;70,66;70,97;10,68;10,81;10,92;10,99;11,08;10814;11118;11079;11184;11430;3948,35;4138,63;3890,21;4469,11;4865,96;3462,18;3710,61;3362,62;3846,74;4304,41;70,37;40,88;36,93;38,39;44,12;108,95;111,36;115,02;115,55;135,42;306,85;275,78;375,64;468,43;382,01;9322,15;9491,45;9986,09;10167,28;8958,79;3068,04;3235,97;3090,73;3150,81;3021,16;1558,11;1467,96;1386,24;2182,64;2207,81;1081,81;1467,96;1195,02;1459,72;1100,87;3614,19;3818,03;4314,10;3374,11;2628,95;72,60;70,54;10,90;11125,00;4262,45;3737,31;46,14;117,26;361,74;9585,15;3113,34;1760,55;1261,08;3549,88
Sulawesi Tenggara;70,61;71,20;71,61;71,82;72,38;70,72;70,97;71,22;71,27;71,37;11,11;11,23;11,35;11,41;11,47;9262;9436;9331;9381;9708;903,95;1128,44;1017,14;1373,79;1419,67;688,87;864,17;752,77;1052,63;1094,44;21,11;22,22;21,12;34,67;42,62;47,27;56,45;64,68;66,15;75,52;146,70;185,60;178,57;220,34;207,09;3586,47;4128,55;4198,43;4495,87;4862,53;1303,81;1395,87;1455,09;1475,63;1549,81;517,62;655,03;711,22;770,69;939,04;795,20;1194,74;1048,33;1246,77;1599,98;969,85;882,91;983,79;1002,78;773,70;71,52;71,11;11,31;9423,60;1168,60;890,58;28,35;62,01;187,66;4254,37;1436,04;718,72;1177,00;922,61
Gorontalo;67,71;68,49;69,51;69,82;70,62;67,45;67,93;68,07;68,19;68,51;10,25;10,38;10,45;10,51;10,57;9839;10075;1002;10157;10687;384,44;433,43;414,86;510,80;510,34;350,43;387,40;352,17;400,75;440,54;11,50;22,28;6,50;5,74;5,00;4,35;5,68;3,23;5,09;5,59;18,16;18,06;52,96;99,22;59,20;1828,16;1939,46;1804,55;1866,25;1947,93;678,51;615,62;722,37;625,04;637,74;414,37;611,62;346,07;613,53;704,47;280,50;280,12;199,80;176,34;318,33;454,79;432,10;536,31;451,33;287,38;69,23;68,03;10,43;8352,00;450,77;386,26;10,20;4,79;49,52;1877,27;655,86;538,01;251,02;432,38
Sulawesi Barat;65,10;65,73;68,40;68,64;69,19;64,58;64,82;65,06;65,25;65,63;10,05;10,18;10,33;10,41;10,48;9051;9235;9168;9153;9358;301,50;345,21;346,86;408,00;457,41;272,23;291,49;290,12;346,23;376,42;7,28;24,20;1,05;2,92;3,44;6,08;9,22;12,87;12,60;8,18;15,90;20,30;42,83;46,25;69,37;1746,62;2006,03;1989,56;1986,34;2089,72;511,11;527,80;526,55;563,35;606,68;445,23;590,56;526,20;580,77;629,00;321,97;364,25;347,28;402,87;547,55;468,31;523,41;589,53;439,36;306,49;67,41;65,07;10,29;9193,00;371,80;315,30;7,78;9,79;38,93;1963,65;547,10;554,35;396,78;465,42
Maluku;68,87;69,45;71,34;71,55;72,04;65,59;65,82;65,98;66,09;66,45;11,75;11,88;11,95;12,00;12,10;8721;8887;8732;8770;8876;465,78;482,81;545,75;545,75;637,95;363,95;361,09;382,36;382,36;498,24;79,89;79,64;94,08;94,08;19,94;0,25;0,00;38,89;38,89;22,73;21,69;42,07;30,42;30,42;97,04;3068,95;2974,06;3008,05;3008,05;3053,18;942,67;959,66;948,89;948,89;1022,18;613,31;714,67;673,02;673,02;1026,26;601,51;543,82;591,45;591,45;561,82;911,46;755,91;794,69;794,69;442,92;70,65;65,99;11,94;8797,20;535,61;397,60;73,53;20,15;44,33;3022,46;964,46;740,06;578,01;739,93
Maluku Utara;67,76;68,70;69,30;69,56;70,26;67,80;68,18;68,33;68,45;68,79;11,17;11,32;11,36;11,39;11,49;7980;8308;8032;8140;8398;358,33;433,45;447,29;552,35;779,23;267,74;322,56;314,13;400,03;636,68;8,88;10,95;1,57;2,78;6,94;0,00;0,00;0,80;0,84;0,47;81,70;99,94;130,79;148,70;135,15;2438,77;2657,50;2650,91;2992,46;3200,97;560,31;673,13;736,28;841,41;787,39;698,78;702,63;777,94;805,18;1115,98;513,35;671,27;571,75;821,98;850,39;666,33;610,48;564,94;523,89;447,22;69,12;68,31;11,35;8171,60;514,13;388,23;6,22;0,42;119,26;2788,12;719,70;820,10;685,75;562,57
Papua Barat;63,74;64,70;65,94;66,11;66,72;65,55;65,90;66,02;66,14;66,46;9,90;10,08;10,26;10,41;10,53;7816;8125;8086;7929;8101;459,24;483,73;485,37;483,95;620,30;344,24;369,67;339,81;370,71;514,17;2,95;3,54;3,26;4,67;5,50;7,83;17,12;21,60;32,70;32,42;104,23;93,39;120,70;75,87;68,21;6947,07;9269,30;9746,95;8040,53;7536,64;735,02;847,78;904,72;766,59;805,25;1514,77;1899,92;1350,08;1435,95;1592,40;1539,27;1757,98;1543,17;2435,06;2198,75;3158,01;4763,62;5948,98;3402,94;2940,23;65,44;66,01;10,24;8011,40;506,52;387,72;3,98;22,33;92,48;8308,10;811,87;1558,62;1894,85;4042,76
Papua;60,06;60,84;61,22;61,40;62,16;65,36;65,65;65,79;65,93;66,23;8,68;8,85;8,89;8,94;9,08;7159;7336;6954;6955;7146;1050,37;2027,64;1388,51;2139,69;2226,75;802,67;1469,23;986,67;1627,37;1235,49;59,32;27,25;40,02;38,78;17,71;11,91;24,74;31,98;40,49;766,99;176,47;506,42;329,83;433,06;206,56;13186,89;13421,68;12607,00;14859,61;11454,66;1615,61;2364,91;2215,24;2277,40;2413,29;2493,39;4012,31;3541,11;4665,31;4487,05;1918,51;2236,55;839,21;1116,37;2029,53;7159,38;4807,91;6011,44;6800,52;2524,78;61,14;65,79;8,89;7110,00;1766,59;1224,29;36,62;175,22;330,47;13105,97;2177,29;3839,83;1628,03;5460,81
